,Step_size,Iteration,Conditional guide,Guide Mode,Path,guide_scale,guide_scale_base,accurancy,count_att,count_diff
0,12,1,False,,1,0,0.0,10.4,8953.0,7.0
1,50,4,False,,1,0,0.0,84.86,858.0,656.0
2,14,7,False,,1,0,0.0,81.11,1547.0,342.0
3,12,8,False,,1,0,0.0,78.9,1758.0,352.0
4,40,5,False,,1,0,0.0,85.29,877.0,594.0
5,11,9,False,,1,0,0.0,78.18,1834.0,348.0
6,33,6,False,,1,0,0.0,85.0,922.0,578.0
7,10,10,False,,1,0,0.0,77.11,1940.0,349.0
8,9,11,False,,1,0,0.0,75.26,2106.0,368.0
9,29,7,False,,1,0,0.0,85.32,924.0,544.0
10,8,12,False,,1,0,0.0,73.53,2287.0,360.0
11,25,8,False,,1,0,0.0,85.12,969.0,519.0
12,8,13,False,,1,0,0.0,73.5,2234.0,416.0
13,7,14,False,,1,0,0.0,71.52,2443.0,405.0
14,22,9,False,,1,0,0.0,84.95,1011.0,494.0
15,7,15,False,,1,0,0.0,72.09,2350.0,441.0
16,20,10,False,,1,0,0.0,84.4,1053.0,507.0
17,6,16,False,,1,0,0.0,69.24,2694.0,382.0
18,6,17,False,,1,0,0.0,70.0,2596.0,404.0
19,18,11,False,,1,0,0.0,83.45,1143.0,512.0
20,6,18,False,,1,0,0.0,70.48,2503.0,449.0
21,17,12,False,,1,0,0.0,83.15,1149.0,536.0
22,5,19,False,,1,0,0.0,67.44,2834.0,422.0
23,5,20,False,,1,0,0.0,67.87,2779.0,434.0
24,15,13,False,,1,0,0.0,82.81,1206.0,513.0
25,5,21,False,,1,0,0.0,68.01,2740.0,459.0
26,14,14,False,,1,0,0.0,81.26,1323.0,551.0
27,5,22,False,,1,0,0.0,68.79,2707.0,414.0
28,4,23,False,,1,0,0.0,64.78,3110.0,412.0
29,13,15,False,,1,0,0.0,81.0,1361.0,539.0
30,4,24,False,,1,0,0.0,65.71,3032.0,397.0
31,12,16,False,,1,0,0.0,80.1,1419.0,571.0
32,4,25,False,,1,0,0.0,66.04,2993.0,403.0
33,10,1,False,,1,0,0.0,2.82,9716.0,2.0
34,10,2,False,,1,0,0.0,28.75,7100.0,25.0
35,4,26,False,,1,0,0.0,66.01,2981.0,418.0
36,12,17,False,,1,0,0.0,79.51,1464.0,585.0
37,10,3,False,,1,0,0.0,50.26,4904.0,70.0
38,4,27,False,,1,0,0.0,66.62,2850.0,488.0
39,10,4,False,,1,0,0.0,60.85,3797.0,118.0
40,20,20,False,,1,0,0.0,82.55,1035.0,710.0
41,11,18,False,,1,0,0.0,79.2,1492.0,588.0
42,10,5,False,,1,0,0.0,67.77,3037.0,186.0
43,4,28,False,,1,0,0.0,66.59,2866.0,475.0
44,10,6,False,,1,0,0.0,70.9,2702.0,208.0
45,3,29,False,,1,0,0.0,61.49,3499.0,352.0
46,11,19,False,,1,0,0.0,78.79,1501.0,620.0
47,10,7,False,,1,0,0.0,73.28,2403.0,269.0
48,3,30,False,,1,0,0.0,62.21,3408.0,371.0
49,20,21,False,,1,0,0.0,82.35,1026.0,739.0
50,10,8,False,,1,0,0.0,75.0,2191.0,309.0
51,10,20,False,,1,0,0.0,77.73,1602.0,625.0
52,3,31,False,,1,0,0.0,63.02,3367.0,331.0
53,10,9,False,,1,0,0.0,75.48,2101.0,351.0
54,3,32,False,,1,0,0.0,62.89,3348.0,363.0
55,10,10,False,,1,0,0.0,77.13,1939.0,348.0
56,10,21,False,,1,0,0.0,78.38,1513.0,649.0
57,20,22,False,,1,0,0.0,82.06,1076.0,718.0
58,3,33,False,,1,0,0.0,63.22,3270.0,408.0
59,10,11,False,,1,0,0.0,77.75,1826.0,399.0
60,3,34,False,,1,0,0.0,64.68,3145.0,387.0
61,9,22,False,,1,0,0.0,76.92,1673.0,635.0
62,10,12,False,,1,0,0.0,77.85,1788.0,427.0
63,3,35,False,,1,0,0.0,64.05,3147.0,448.0
64,9,23,False,,1,0,0.0,76.42,1696.0,662.0
65,10,13,False,,1,0,0.0,77.88,1725.0,487.0
66,20,23,False,,1,0,0.0,82.43,1021.0,736.0
67,3,36,False,,1,0,0.0,65.46,3007.0,447.0
68,10,14,False,,1,0,0.0,77.76,1736.0,488.0
69,3,37,False,,1,0,0.0,65.14,3038.0,448.0
70,8,24,False,,1,0,0.0,75.37,1833.0,630.0
71,3,38,False,,1,0,0.0,65.84,2966.0,450.0
72,10,15,False,,1,0,0.0,78.02,1727.0,471.0
73,8,25,False,,1,0,0.0,75.56,1768.0,676.0
74,20,24,False,,1,0,0.0,81.94,1024.0,782.0
75,3,39,False,,1,0,0.0,65.94,2961.0,445.0
76,10,16,False,,1,0,0.0,78.08,1688.0,504.0
77,2,40,False,,1,0,0.0,57.9,3934.0,276.0
78,8,26,False,,1,0,0.0,76.06,1693.0,701.0
79,10,17,False,,1,0,0.0,78.41,1609.0,550.0
80,2,41,False,,1,0,0.0,57.93,3923.0,284.0
81,7,27,False,,1,0,0.0,74.48,1868.0,684.0
82,20,25,False,,1,0,0.0,81.72,1082.0,746.0
83,2,42,False,,1,0,0.0,57.97,3908.0,295.0
84,10,18,False,,1,0,0.0,78.59,1583.0,558.0
85,2,43,False,,1,0,0.0,58.63,3823.0,314.0
86,7,28,False,,1,0,0.0,74.24,1908.0,668.0
87,2,44,False,,1,0,0.0,59.27,3771.0,302.0
88,10,19,False,,1,0,0.0,77.97,1578.0,625.0
89,7,29,False,,1,0,0.0,74.39,1854.0,707.0
90,2,45,False,,1,0,0.0,59.84,3684.0,332.0
91,20,26,False,,1,0,0.0,82.01,1014.0,785.0
92,10,20,False,,1,0,0.0,77.74,1600.0,626.0
93,2,46,False,,1,0,0.0,60.1,3644.0,346.0
94,7,30,False,,1,0,0.0,74.15,1871.0,714.0
95,2,47,False,,1,0,0.0,60.77,3556.0,367.0
96,10,21,False,,1,0,0.0,78.37,1513.0,650.0
97,2,48,False,,1,0,0.0,61.45,3505.0,350.0
98,6,31,False,,1,0,0.0,73.27,1974.0,699.0
99,20,27,False,,1,0,0.0,80.82,1074.0,844.0
100,10,22,False,,1,0,0.0,77.78,1568.0,654.0
101,2,49,False,,1,0,0.0,61.49,3512.0,339.0
102,6,32,False,,1,0,0.0,72.87,2041.0,672.0
103,2,50,False,,1,0,0.0,62.06,3438.0,356.0
104,10,23,False,,1,0,0.0,77.86,1539.0,675.0
105,2,51,False,,1,0,0.0,62.66,3351.0,383.0
106,6,33,False,,1,0,0.0,73.01,2007.0,692.0
107,2,52,False,,1,0,0.0,62.23,3400.0,377.0
108,20,28,False,,1,0,0.0,80.98,1076.0,826.0
109,10,24,False,,1,0,0.0,77.37,1527.0,736.0
110,6,34,False,,1,0,0.0,73.03,1966.0,731.0
111,2,53,False,,1,0,0.0,63.23,3277.0,400.0
112,2,54,False,,1,0,0.0,63.39,3255.0,406.0
113,10,25,False,,1,0,0.0,77.43,1529.0,728.0
114,6,35,False,,1,0,0.0,72.99,1951.0,750.0
115,2,55,False,,1,0,0.0,64.03,3179.0,418.0
116,20,29,False,,1,0,0.0,80.84,1098.0,818.0
117,6,36,False,,1,0,0.0,73.3,1976.0,694.0
118,10,26,False,,1,0,0.0,76.93,1561.0,746.0
119,2,56,False,,1,0,0.0,64.24,3157.0,419.0
120,2,57,False,,1,0,0.0,64.03,3137.0,460.0
121,5,37,False,,1,0,0.0,71.34,2189.0,677.0
122,10,27,False,,1,0,0.0,77.58,1501.0,741.0
123,2,58,False,,1,0,0.0,64.49,3096.0,455.0
124,5,38,False,,1,0,0.0,71.4,2126.0,734.0
125,2,59,False,,1,0,0.0,64.42,3088.0,470.0
126,20,30,False,,1,0,0.0,80.8,1049.0,871.0
127,10,28,False,,1,0,0.0,77.45,1498.0,757.0
128,5,39,False,,1,0,0.0,72.2,2060.0,720.0
129,2,60,False,,1,0,0.0,64.69,3083.0,448.0
130,2,61,False,,1,0,0.0,65.24,3024.0,452.0
131,5,40,False,,1,0,0.0,72.18,2071.0,711.0
132,10,29,False,,1,0,0.0,76.93,1554.0,753.0
133,2,62,False,,1,0,0.0,65.63,2987.0,450.0
134,20,31,False,,1,0,0.0,81.01,1063.0,836.0
135,5,41,False,,1,0,0.0,72.12,2035.0,753.0
136,2,63,False,,1,0,0.0,65.94,2936.0,470.0
137,10,30,False,,1,0,0.0,77.17,1479.0,804.0
138,5,42,False,,1,0,0.0,72.14,2058.0,728.0
139,2,64,False,,1,0,0.0,66.14,2894.0,492.0
140,2,65,False,,1,0,0.0,66.67,2864.0,469.0
141,5,43,False,,1,0,0.0,72.18,2046.0,736.0
142,20,32,False,,1,0,0.0,80.82,1065.0,853.0
143,2,66,False,,1,0,0.0,66.69,2871.0,460.0
144,1,67,False,,1,0,0.0,50.27,4775.0,198.0
145,5,44,False,,1,0,0.0,72.02,2012.0,786.0
146,1,68,False,,1,0,0.0,51.04,4682.0,214.0
147,4,45,False,,1,0,0.0,71.06,2243.0,651.0
148,1,69,False,,1,0,0.0,50.66,4748.0,186.0
149,1,70,False,,1,0,0.0,51.2,4661.0,219.0
150,4,46,False,,1,0,0.0,70.81,2239.0,680.0
151,20,33,False,,1,0,0.0,80.24,1059.0,917.0
152,1,71,False,,1,0,0.0,52.44,4563.0,193.0
153,1,72,False,,1,0,0.0,52.11,4580.0,209.0
154,4,47,False,,1,0,0.0,71.02,2167.0,731.0
155,1,73,False,,1,0,0.0,52.56,4540.0,204.0
156,4,48,False,,1,0,0.0,70.93,2243.0,664.0
157,1,74,False,,1,0,0.0,53.05,4478.0,217.0
158,1,75,False,,1,0,0.0,53.56,4434.0,210.0
159,20,34,False,,1,0,0.0,80.52,1064.0,884.0
160,4,49,False,,1,0,0.0,70.89,2149.0,762.0
161,1,76,False,,1,0,0.0,53.99,4388.0,213.0
162,1,77,False,,1,0,0.0,54.55,4319.0,226.0
163,4,50,False,,1,0,0.0,70.52,2236.0,712.0
164,1,78,False,,1,0,0.0,54.65,4309.0,226.0
165,1,79,False,,1,0,0.0,55.46,4237.0,217.0
166,4,51,False,,1,0,0.0,70.97,2188.0,715.0
167,1,80,False,,1,0,0.0,55.64,4207.0,229.0
168,20,35,False,,1,0,0.0,80.09,1122.0,869.0
169,4,52,False,,1,0,0.0,70.71,2171.0,758.0
170,1,81,False,,1,0,0.0,55.59,4219.0,222.0
171,1,82,False,,1,0,0.0,55.91,4148.0,261.0
172,4,53,False,,1,0,0.0,71.01,2097.0,802.0
173,1,83,False,,1,0,0.0,56.4,4088.0,272.0
174,1,84,False,,1,0,0.0,56.47,4109.0,244.0
175,4,54,False,,1,0,0.0,71.09,2109.0,782.0
176,20,36,False,,1,0,0.0,79.89,1124.0,887.0
177,1,85,False,,1,0,0.0,56.96,4021.0,283.0
178,1,86,False,,1,0,0.0,57.48,3981.0,271.0
179,4,55,False,,1,0,0.0,70.97,2084.0,819.0
180,1,87,False,,1,0,0.0,57.8,3956.0,264.0
181,1,88,False,,1,0,0.0,58.22,3927.0,251.0
182,4,56,False,,1,0,0.0,71.88,2049.0,763.0
183,1,89,False,,1,0,0.0,58.69,3832.0,299.0
184,20,37,False,,1,0,0.0,79.13,1107.0,980.0
185,4,57,False,,1,0,0.0,71.64,2006.0,830.0
186,1,90,False,,1,0,0.0,58.27,3881.0,292.0
187,1,91,False,,1,0,0.0,58.98,3795.0,307.0
188,3,58,False,,1,0,0.0,69.77,2389.0,634.0
189,1,92,False,,1,0,0.0,58.49,3833.0,318.0
190,3,59,False,,1,0,0.0,69.93,2349.0,658.0
191,1,93,False,,1,0,0.0,59.16,3786.0,298.0
192,1,94,False,,1,0,0.0,59.76,3694.0,330.0
193,3,60,False,,1,0,0.0,69.92,2366.0,642.0
194,20,38,False,,1,0,0.0,79.87,1104.0,909.0
195,1,95,False,,1,0,0.0,59.73,3722.0,305.0
196,3,61,False,,1,0,0.0,69.56,2363.0,681.0
197,1,96,False,,1,0,0.0,59.74,3706.0,320.0
198,1,97,False,,1,0,0.0,60.74,3608.0,318.0
199,3,62,False,,1,0,0.0,70.08,2318.0,674.0
200,1,98,False,,1,0,0.0,61.19,3560.0,321.0
201,3,63,False,,1,0,0.0,70.25,2290.0,685.0
202,20,39,False,,1,0,0.0,79.02,1089.0,1009.0
203,1,99,False,,1,0,0.0,61.04,3581.0,315.0
204,1,100,False,,1,0,0.0,61.03,3597.0,300.0
205,3,64,False,,1,0,0.0,70.71,2233.0,696.0
206,3,65,False,,1,0,0.0,70.42,2256.0,702.0
207,3,66,False,,1,0,0.0,70.5,2208.0,742.0
208,3,67,False,,1,0,0.0,70.77,2203.0,720.0
209,3,68,False,,1,0,0.0,70.65,2206.0,729.0
210,10,1,False,,1,0,0.0,2.48,9750.0,2.0
211,20,1,False,,1,0,0.0,56.99,4238.0,63.0
212,30,1,False,,1,0,0.0,78.2,2025.0,155.0
213,40,1,False,,1,0,0.0,83.5,1382.0,268.0
214,50,1,False,,1,0,0.0,84.88,1158.0,354.0
215,60,1,False,,1,0,0.0,85.58,1019.0,423.0
216,70,1,False,,1,0,0.0,84.86,1007.0,507.0
217,80,1,False,,1,0,0.0,84.59,976.0,565.0
218,90,1,False,,1,0,0.0,84.42,887.0,671.0
219,100,1,False,,1,0,0.0,83.52,908.0,740.0
220,110,1,False,,1,0,0.0,82.59,931.0,810.0
221,200,1,False,,1,0,0.0,73.68,1014.0,1618.0
222,10,1,True,CONSTANT,1,50,0.0,2.54,9743.0,3.0
223,20,1,True,CONSTANT,1,50,0.0,56.37,4307.0,56.0
224,30,1,True,CONSTANT,1,50,0.0,77.92,2011.0,197.0
225,40,1,True,CONSTANT,1,50,0.0,83.52,1402.0,246.0
226,50,1,True,CONSTANT,1,50,0.0,85.66,1102.0,332.0
227,60,1,True,CONSTANT,1,50,0.0,86.31,936.0,433.0
228,70,1,True,CONSTANT,1,50,0.0,86.77,861.0,462.0
229,80,1,True,CONSTANT,1,50,0.0,86.53,808.0,539.0
230,90,1,True,CONSTANT,1,50,0.0,85.29,825.0,646.0
231,100,1,True,CONSTANT,1,50,0.0,85.42,783.0,675.0
232,110,1,True,CONSTANT,1,50,0.0,84.18,828.0,754.0
233,120,1,True,CONSTANT,1,50,0.0,83.53,799.0,848.0
234,130,1,True,CONSTANT,1,50,0.0,82.67,797.0,936.0
235,140,1,True,CONSTANT,1,50,0.0,82.0,833.0,967.0
236,150,1,True,CONSTANT,1,50,0.0,81.19,825.0,1056.0
237,160,1,True,CONSTANT,1,50,0.0,80.18,799.0,1183.0
238,170,1,True,CONSTANT,1,50,0.0,79.45,884.0,1171.0
239,180,1,True,CONSTANT,1,50,0.0,78.77,859.0,1264.0
240,190,1,True,CONSTANT,1,50,0.0,77.19,878.0,1403.0
241,200,1,True,CONSTANT,1,50,0.0,75.93,918.0,1489.0
242,50,1,False,,1,0,0.0,85.14,1127.0,359.0
243,10,2,False,,1,0,0.0,29.1,7056.0,34.0
244,12,2,False,,1,0,0.0,46.29,5246.0,71.0
245,14,2,False,,1,0,0.0,58.9,3960.0,67.0
246,16,2,False,,1,0,0.0,68.6,3031.0,109.0
247,18,2,False,,1,0,0.0,73.92,2443.0,139.0
248,20,2,False,,1,0,0.0,78.01,2034.0,165.0
249,22,2,False,,1,0,0.0,80.54,1368.0,169.0
250,24,2,False,,1,0,0.0,82.25,1540.0,217.0
251,26,2,False,,1,0,0.0,82.65,1450.0,250.0
252,28,2,False,,1,0,0.0,84.34,1274.0,292.0
253,30,2,False,,1,0,0.0,84.95,1198.0,307.0
254,32,2,False,,1,0,0.0,85.11,1151.0,338.0
255,34,2,False,,1,0,0.0,85.81,1066.0,339.0
256,36,2,False,,1,0,0.0,85.37,1094.0,369.0
257,38,2,False,,1,0,0.0,86.0,1025.0,375.0
258,40,2,False,,1,0,0.0,86.22,977.0,387.0
259,42,2,False,,1,0,0.0,85.51,768.0,362.0
260,44,2,False,,1,0,0.0,86.21,950.0,415.0
261,46,2,False,,1,0,0.0,86.1,912.0,450.0
262,48,2,False,,1,0,0.0,86.02,902.0,468.0
263,50,2,False,,1,0,0.0,85.99,890.0,483.0
264,52,2,False,,1,0,0.0,85.86,892.0,494.0
265,54,2,False,,1,0,0.0,85.7,883.0,547.0
266,56,2,False,,1,0,0.0,85.52,897.0,551.0
267,58,2,False,,1,0,0.0,85.56,881.0,563.0
268,60,2,False,,1,0,0.0,85.14,906.0,565.0
269,62,2,False,,1,0,0.0,85.01,882.0,602.0
270,64,2,False,,1,0,0.0,85.2,709.0,505.0
271,66,2,False,,1,0,0.0,84.31,671.0,490.0
272,68,2,False,,1,0,0.0,84.42,866.0,661.0
273,10,3,False,,1,0,0.0,50.22,4500.0,80.0
274,12,3,False,,1,0,0.0,63.02,3577.0,121.0
275,14,3,False,,1,0,0.0,71.46,2660.0,165.0
276,16,3,False,,1,0,0.0,76.77,2080.0,197.0
277,18,3,False,,1,0,0.0,80.09,1739.0,232.0
278,20,3,False,,1,0,0.0,82.25,1507.0,250.0
279,22,3,False,,1,0,0.0,83.6,1185.0,242.0
280,24,3,False,,1,0,0.0,85.01,1191.0,278.0
281,26,3,False,,1,0,0.0,85.14,1161.0,325.0
282,28,3,False,,1,0,0.0,85.78,925.0,312.0
283,30,3,False,,1,0,0.0,85.91,1043.0,366.0
284,32,3,False,,1,0,0.0,85.73,1027.0,386.0
285,34,3,False,,1,0,0.0,86.29,921.0,423.0
286,36,3,False,,1,0,0.0,86.44,786.0,394.0
287,38,3,False,,1,0,0.0,85.97,930.0,445.0
288,40,3,False,,1,0,0.0,86.12,907.0,481.0
289,42,3,False,,1,0,0.0,85.74,925.0,501.0
290,44,3,False,,1,0,0.0,85.68,914.0,518.0
291,46,3,False,,1,0,0.0,85.83,847.0,556.0
292,48,3,False,,1,0,0.0,85.74,893.0,519.0
293,50,3,False,,1,0,0.0,85.63,863.0,545.0
294,52,3,False,,1,0,0.0,85.58,833.0,595.0
295,54,3,False,,1,0,0.0,85.13,844.0,643.0
296,56,3,False,,1,0,0.0,84.61,822.0,640.0
297,58,3,False,,1,0,0.0,84.12,892.0,696.0
298,60,3,False,,1,0,0.0,84.37,837.0,710.0
299,62,3,False,,1,0,0.0,84.09,873.0,718.0
300,64,3,False,,1,0,0.0,83.77,843.0,731.0
301,66,3,False,,1,0,0.0,83.62,863.0,742.0
302,68,3,False,,1,0,0.0,82.98,885.0,800.0
303,66,2,False,,1,0,0.0,84.48,852.0,684.0
304,64,2,False,,1,0,0.0,84.86,863.0,621.0
305,42,2,False,,1,0,0.0,85.64,983.0,439.0
306,22,2,False,,1,0,0.0,80.23,1748.0,209.0
307,36,3,False,,1,0,0.0,86.43,891.0,452.0
308,28,3,False,,1,0,0.0,85.81,1063.0,356.0
309,5,1,False,,1,0,0.0,0.01,9999.0,0.0
310,20,11,False,,1,0,0.0,84.11,1058.0,531.0
311,20,12,False,,1,0,0.0,84.31,1038.0,531.0
312,20,13,False,,1,0,0.0,84.16,1005.0,579.0
313,20,14,False,,1,0,0.0,83.54,1023.0,623.0
314,20,15,False,,1,0,0.0,83.44,1031.0,625.0
315,20,16,False,,1,0,0.0,83.35,1038.0,627.0
316,20,17,False,,1,0,0.0,83.21,1043.0,636.0
317,20,18,False,,1,0,0.0,82.46,1066.0,688.0
318,20,19,False,,1,0,0.0,82.86,1021.0,693.0
319,20,20,False,,1,0,0.0,82.49,1040.0,711.0
320,30,11,False,,1,0,0.0,84.59,911.0,630.0
321,30,12,False,,1,0,0.0,83.86,911.0,703.0
322,30,13,False,,1,0,0.0,84.02,916.0,682.0
323,30,14,False,,1,0,0.0,83.48,899.0,753.0
324,30,15,False,,1,0,0.0,83.09,950.0,741.0
325,30,16,False,,1,0,0.0,83.15,917.0,768.0
326,30,17,False,,1,0,0.0,82.8,906.0,814.0
327,30,18,False,,1,0,0.0,82.64,945.0,791.0
328,30,19,False,,1,0,0.0,82.52,923.0,825.0
329,30,20,False,,1,0,0.0,82.2,954.0,826.0
330,20,1,False,,1,0,0.0,56.99,4238.0,63.0
331,20,2,False,,1,0,0.0,78.01,2015.0,184.0
332,20,3,False,,1,0,0.0,82.47,1538.0,215.0
333,20,4,False,,1,0,0.0,83.66,1333.0,301.0
334,20,5,False,,1,0,0.0,84.55,1174.0,371.0
335,20,6,False,,1,0,0.0,84.87,1138.0,375.0
336,20,7,False,,1,0,0.0,84.78,1099.0,423.0
337,20,8,False,,1,0,0.0,84.82,1077.0,441.0
338,20,9,False,,1,0,0.0,85.13,1037.0,450.0
339,20,10,False,,1,0,0.0,84.22,1065.0,513.0
340,30,1,False,,1,0,0.0,78.2,2025.0,155.0
341,30,2,False,,1,0,0.0,84.6,1199.0,341.0
342,30,3,False,,1,0,0.0,85.7,1050.0,380.0
343,30,4,False,,1,0,0.0,86.21,951.0,428.0
344,30,5,False,,1,0,0.0,85.59,983.0,458.0
345,30,6,False,,1,0,0.0,85.67,893.0,540.0
346,30,7,False,,1,0,0.0,85.01,923.0,576.0
347,30,8,False,,1,0,0.0,84.63,968.0,569.0
348,30,9,False,,1,0,0.0,84.58,928.0,614.0
349,30,10,False,,1,0,0.0,84.45,920.0,635.0
350,10,1,True,CONSTANT,1,100,0.0,2.26,9774.0,0.0
351,20,1,True,CONSTANT,1,100,0.0,55.19,4413.0,68.0
352,30,1,True,CONSTANT,1,100,0.0,77.78,2038.0,184.0
353,40,1,True,CONSTANT,1,100,0.0,83.76,1385.0,239.0
354,50,1,True,CONSTANT,1,100,0.0,85.76,1085.0,339.0
355,60,1,True,CONSTANT,1,100,0.0,86.9,928.0,382.0
356,70,1,True,CONSTANT,1,100,0.0,86.79,859.0,462.0
357,80,1,True,CONSTANT,1,100,0.0,86.51,812.0,537.0
358,90,1,True,CONSTANT,1,100,0.0,86.1,819.0,571.0
359,100,1,True,CONSTANT,1,100,0.0,85.92,782.0,626.0
360,110,1,True,CONSTANT,1,100,0.0,85.69,765.0,666.0
361,120,1,True,CONSTANT,1,100,0.0,84.84,758.0,758.0
362,130,1,True,CONSTANT,1,100,0.0,83.67,775.0,858.0
363,140,1,True,CONSTANT,1,100,0.0,82.88,822.0,890.0
364,150,1,True,CONSTANT,1,100,0.0,82.19,816.0,965.0
365,160,1,True,CONSTANT,1,100,0.0,81.57,805.0,1038.0
366,170,1,True,CONSTANT,1,100,0.0,80.84,830.0,1086.0
367,180,1,True,CONSTANT,1,100,0.0,80.23,839.0,1138.0
368,190,1,True,CONSTANT,1,100,0.0,79.19,839.0,1242.0
369,200,1,True,CONSTANT,1,100,0.0,78.55,881.0,1264.0
370,210,1,True,CONSTANT,1,100,0.0,77.49,867.0,1384.0
371,220,1,True,CONSTANT,1,100,0.0,76.4,892.0,1468.0
372,230,1,True,CONSTANT,1,100,0.0,76.02,916.0,1482.0
373,240,1,True,CONSTANT,1,100,0.0,75.44,895.0,1561.0
374,250,1,True,CONSTANT,1,100,0.0,74.49,963.0,1588.0
375,260,1,True,CONSTANT,1,100,0.0,73.32,1002.0,1666.0
376,270,1,True,CONSTANT,1,100,0.0,72.76,996.0,1728.0
377,280,1,True,CONSTANT,1,100,0.0,71.54,1010.0,1836.0
378,290,1,True,CONSTANT,1,100,0.0,70.53,1017.0,1930.0
379,50,1,False,0,1,0,0.0,85.19,1126.0,355.0
380,50,2,False,0,1,0,0.0,85.95,901.0,504.0
381,50,3,False,0,1,0,0.0,85.62,883.0,555.0
382,50,4,False,0,1,0,0.0,84.76,854.0,670.0
383,50,5,False,0,1,0,0.0,84.38,844.0,718.0
384,50,6,False,0,1,0,0.0,83.6,876.0,764.0
385,50,7,False,0,1,0,0.0,83.46,873.0,781.0
386,50,8,False,0,1,0,0.0,82.6,885.0,855.0
387,50,9,False,0,1,0,0.0,82.32,877.0,891.0
388,50,10,False,0,1,0,0.0,81.36,911.0,953.0
389,50,11,False,0,1,0,0.0,81.95,874.0,931.0
390,50,12,False,0,1,0,0.0,81.16,895.0,989.0
391,50,13,False,0,1,0,0.0,81.39,904.0,957.0
392,50,14,False,0,1,0,0.0,80.21,911.0,1068.0
393,50,15,False,0,1,0,0.0,80.5,904.0,1046.0
394,50,16,False,0,1,0,0.0,80.38,879.0,1083.0
395,50,17,False,0,1,0,0.0,79.69,904.0,1127.0
396,50,18,False,0,1,0,0.0,79.57,906.0,1137.0
397,10,1,True,CONSTANT,1,75,0.0,2.42,9755.0,3.0
398,20,1,True,CONSTANT,1,75,0.0,55.76,4369.0,55.0
399,30,1,True,CONSTANT,1,75,0.0,77.84,2020.0,196.0
400,40,1,True,CONSTANT,1,75,0.0,83.65,1391.0,244.0
401,50,1,True,CONSTANT,1,75,0.0,85.69,1105.0,326.0
402,60,1,True,CONSTANT,1,75,0.0,86.6,918.0,422.0
403,70,1,True,CONSTANT,1,75,0.0,86.95,846.0,459.0
404,80,1,True,CONSTANT,1,75,0.0,86.98,782.0,520.0
405,90,1,True,CONSTANT,1,75,0.0,85.74,806.0,620.0
406,100,1,True,CONSTANT,1,75,0.0,85.8,774.0,646.0
407,110,1,True,CONSTANT,1,75,0.0,84.79,808.0,713.0
408,120,1,True,CONSTANT,1,75,0.0,84.15,767.0,818.0
409,130,1,True,CONSTANT,1,75,0.0,83.38,757.0,905.0
410,140,1,True,CONSTANT,1,75,0.0,82.55,817.0,928.0
411,150,1,True,CONSTANT,1,75,0.0,81.66,807.0,1027.0
412,160,1,True,CONSTANT,1,75,0.0,80.92,791.0,1117.0
413,170,1,True,CONSTANT,1,75,0.0,80.03,867.0,1130.0
414,180,1,True,CONSTANT,1,75,0.0,79.41,861.0,1198.0
415,190,1,True,CONSTANT,1,75,0.0,78.2,852.0,1328.0
416,200,1,True,CONSTANT,1,75,0.0,76.89,887.0,1424.0
417,210,1,True,CONSTANT,1,75,0.0,76.06,917.0,1477.0
418,220,1,True,CONSTANT,1,75,0.0,75.2,904.0,1576.0
419,230,1,True,CONSTANT,1,75,0.0,74.7,918.0,1612.0
420,240,1,True,CONSTANT,1,75,0.0,73.4,921.0,1739.0
421,250,1,True,CONSTANT,1,75,0.0,72.92,969.0,1739.0
422,260,1,True,CONSTANT,1,75,0.0,71.41,981.0,1878.0
423,270,1,True,CONSTANT,1,75,0.0,70.51,1017.0,1932.0
424,280,1,True,CONSTANT,1,75,0.0,69.03,1073.0,2024.0
425,290,1,True,CONSTANT,1,75,0.0,67.96,1050.0,2154.0
426,300,1,True,CONSTANT,1,75,0.0,68.0,1099.0,2101.0
427,50,19,False,0,1,0,0.0,79.39,907.0,1154.0
428,50,20,False,0,1,0,0.0,78.89,912.0,1199.0
429,1,300,False,0,1,0,0.0,73.12,1575.0,1113.0
430,2,150,False,0,1,0,0.0,72.45,1749.0,1006.0
431,3,100,False,0,1,0,0.0,72.25,1781.0,994.0
432,4,75,False,0,1,0,0.0,71.95,1822.0,983.0
433,6,50,False,0,1,0,0.0,72.71,1774.0,955.0
434,7,42,False,0,1,0,0.0,74.26,1680.0,894.0
435,8,37,False,0,1,0,0.0,75.28,1642.0,830.0
436,9,33,False,0,1,0,0.0,75.21,1614.0,865.0
437,10,30,False,0,1,0,0.0,76.83,1501.0,816.0
438,11,27,False,0,1,0,0.0,78.43,1421.0,736.0
439,12,25,False,0,1,0,0.0,78.69,1369.0,762.0
440,13,23,False,0,1,0,0.0,79.84,1332.0,684.0
441,14,21,False,0,1,0,0.0,80.95,1227.0,678.0
442,15,20,False,0,1,0,0.0,81.25,1212.0,663.0
443,16,18,False,0,1,0,0.0,81.98,1214.0,588.0
444,17,17,False,0,1,0,0.0,82.3,1177.0,593.0
445,18,16,False,0,1,0,0.0,83.21,1088.0,591.0
446,20,15,False,0,1,0,0.0,83.49,1023.0,628.0
447,21,14,False,0,1,0,0.0,83.92,1042.0,566.0
448,23,13,False,0,1,0,0.0,84.32,981.0,587.0
449,25,12,False,0,1,0,0.0,84.13,997.0,590.0
450,27,11,False,0,1,0,0.0,84.25,955.0,620.0
451,30,10,False,0,1,0,0.0,84.73,922.0,605.0
452,33,9,False,0,1,0,0.0,84.64,908.0,628.0
453,37,8,False,0,1,0,0.0,84.73,888.0,639.0
454,42,7,False,0,1,0,0.0,84.24,897.0,679.0
455,50,6,False,0,1,0,0.0,83.5,879.0,771.0
456,60,5,False,0,1,0,0.0,83.0,872.0,828.0
457,75,4,False,0,1,0,0.0,82.22,829.0,949.0
458,100,3,False,0,1,0,0.0,79.83,879.0,1138.0
459,150,2,False,0,1,0,0.0,75.08,1015.0,1477.0
460,300,1,False,0,1,0,0.0,61.43,1185.0,2672.0
461,14,14,False,0,1,0,0.0,81.61,1331.0,508.0
462,15,13,False,0,1,0,0.0,82.8,1200.0,520.0
463,16,12,False,0,1,0,0.0,83.16,1200.0,484.0
464,18,11,False,0,1,0,0.0,83.87,1128.0,485.0
465,20,10,False,0,1,0,0.0,84.49,1055.0,496.0
466,22,9,False,0,1,0,0.0,84.66,1036.0,498.0
467,25,8,False,0,1,0,0.0,85.04,997.0,499.0
468,28,7,False,0,1,0,0.0,85.21,987.0,492.0
469,33,6,False,0,1,0,0.0,85.27,932.0,541.0
470,40,5,False,0,1,0,0.0,85.06,899.0,595.0
471,50,4,False,0,1,0,0.0,84.76,854.0,670.0
472,66,3,False,0,1,0,0.0,83.62,882.0,756.0
473,100,2,False,0,1,0,0.0,81.25,933.0,942.0
474,200,1,False,0,1,0,0.0,73.71,1010.0,1619.0
475,1,200,False,0,1,0,0.0,71.52,2127.0,721.0
476,2,100,False,0,1,0,0.0,70.63,2227.0,710.0
477,3,66,False,0,1,0,0.0,70.66,2195.0,739.0
478,4,50,False,0,1,0,0.0,71.13,2161.0,726.0
479,5,40,False,0,1,0,0.0,71.87,2104.0,709.0
480,6,33,False,0,1,0,0.0,73.02,2004.0,694.0
481,7,28,False,0,1,0,0.0,74.6,1889.0,651.0
482,8,25,False,0,1,0,0.0,76.25,1739.0,636.0
483,9,22,False,0,1,0,0.0,77.06,1679.0,615.0
484,10,20,False,0,1,0,0.0,77.87,1584.0,629.0
485,11,18,False,0,1,0,0.0,79.41,1471.0,588.0
486,12,16,False,0,1,0,0.0,79.95,1454.0,551.0
487,13,15,False,0,1,0,0.0,81.25,1357.0,518.0
488,1,150,False,0,1,0,0.0,68.18,2676.0,506.0
489,2,75,False,0,1,0,0.0,68.02,2659.0,539.0
490,3,50,False,0,1,0,0.0,68.31,2570.0,599.0
491,4,37,False,0,1,0,0.0,70.2,2414.0,566.0
492,5,30,False,0,1,0,0.0,71.15,2318.0,567.0
493,6,25,False,0,1,0,0.0,72.75,2154.0,571.0
494,7,21,False,0,1,0,0.0,73.98,2054.0,548.0
495,8,18,False,0,1,0,0.0,75.34,1945.0,521.0
496,9,16,False,0,1,0,0.0,76.72,1831.0,497.0
497,10,15,False,0,1,0,0.0,77.92,1738.0,470.0
498,11,13,False,0,1,0,0.0,79.5,1606.0,444.0
499,12,12,False,0,1,0,0.0,80.4,1527.0,433.0
500,13,11,False,0,1,0,0.0,80.81,1506.0,413.0
501,15,10,False,0,1,0,0.0,82.45,1307.0,448.0
502,16,9,False,0,1,0,0.0,83.11,1262.0,427.0
503,18,8,False,0,1,0,0.0,83.87,1196.0,417.0
504,21,7,False,0,1,0,0.0,84.89,1062.0,449.0
505,25,6,False,0,1,0,0.0,85.28,1001.0,471.0
506,30,5,False,0,1,0,0.0,85.62,980.0,458.0
507,37,4,False,0,1,0,0.0,86.1,879.0,511.0
508,50,3,False,0,1,0,0.0,85.48,902.0,550.0
509,75,2,False,0,1,0,0.0,84.19,852.0,729.0
510,150,1,False,0,1,0,0.0,79.04,949.0,1147.0
511,1,250,False,0,1,0,0.0,73.84,1740.0,876.0
512,2,125,False,0,1,0,0.0,71.97,1888.0,915.0
513,3,83,False,0,1,0,0.0,71.48,1972.0,880.0
514,4,62,False,0,1,0,0.0,71.44,2010.0,846.0
515,5,50,False,0,1,0,0.0,72.51,1871.0,878.0
516,6,41,False,0,1,0,0.0,73.21,1849.0,830.0
517,7,35,False,0,1,0,0.0,74.59,1761.0,780.0
518,8,31,False,0,1,0,0.0,75.24,1748.0,728.0
519,9,27,False,0,1,0,0.0,77.04,1572.0,724.0
520,10,25,False,0,1,0,0.0,77.57,1546.0,697.0
521,11,22,False,0,1,0,0.0,78.81,1439.0,680.0
522,12,20,False,0,1,0,0.0,79.8,1385.0,635.0
523,13,19,False,0,1,0,0.0,80.23,1328.0,649.0
524,14,17,False,0,1,0,0.0,81.39,1257.0,604.0
525,15,16,False,0,1,0,0.0,81.79,1220.0,601.0
526,16,15,False,0,1,0,0.0,82.78,1161.0,561.0
527,17,14,False,0,1,0,0.0,83.08,1142.0,550.0
528,19,13,False,0,1,0,0.0,83.9,1057.0,553.0
529,20,12,False,0,1,0,0.0,84.26,1045.0,529.0
530,22,11,False,0,1,0,0.0,84.71,980.0,549.0
531,25,10,False,0,1,0,0.0,84.5,971.0,579.0
532,27,9,False,0,1,0,0.0,85.14,914.0,572.0
533,31,8,False,0,1,0,0.0,84.92,887.0,621.0
534,35,7,False,0,1,0,0.0,85.06,878.0,616.0
535,41,6,False,0,1,0,0.0,84.86,860.0,654.0
536,50,5,False,0,1,0,0.0,84.02,868.0,730.0
537,62,4,False,0,1,0,0.0,83.57,868.0,775.0
538,83,3,False,0,1,0,0.0,81.97,855.0,948.0
539,125,2,False,0,1,0,0.0,78.79,907.0,1214.0
540,250,1,False,0,1,0,0.0,68.22,1095.0,2083.0
541,50,2,True,CONSTANT,1,50,0.0,72.48,2403.0,349.0
542,50,1,False,0,1,per=16,0.0,78.9,1548.0,562.0
543,50,2,False,0,1,0,0.0,86.06,386.0,1008.0
544,30,1,False,0,1,0,0.0,87.45,542.0,713.0
545,20,1,False,0,1,0,0.0,56.91,4246.0,63.0
546,20,2,False,0,1,0,0.0,77.69,2048.0,183.0
547,20,3,False,0,1,0,0.0,82.54,1531.0,215.0
548,20,4,False,0,1,0,0.0,83.64,1338.0,298.0
549,20,5,False,0,1,0,0.0,84.45,1182.0,373.0
550,20,6,False,0,1,0,0.0,84.89,1137.0,374.0
551,20,7,False,0,1,0,0.0,84.79,1096.0,425.0
552,20,8,False,0,1,0,0.0,84.77,1075.0,448.0
553,20,9,False,0,1,0,0.0,85.14,1034.0,452.0
554,22,1,False,0,1,0,0.0,64.18,3497.0,85.0
555,22,2,False,0,1,0,0.0,80.13,1776.0,211.0
556,22,3,False,0,1,0,0.0,83.47,1355.0,298.0
557,22,4,False,0,1,0,0.0,84.9,1205.0,305.0
558,22,5,False,0,1,0,0.0,84.83,1157.0,360.0
559,22,6,False,0,1,0,0.0,85.38,1079.0,383.0
560,22,7,False,0,1,0,0.0,84.77,1077.0,446.0
561,22,8,False,0,1,0,0.0,85.09,1009.0,482.0
562,22,9,False,0,1,0,0.0,85.15,994.0,491.0
563,24,1,False,0,1,0,0.0,69.51,2955.0,94.0
564,24,2,False,0,1,0,0.0,82.43,1533.0,224.0
565,24,3,False,0,1,0,0.0,84.01,1294.0,305.0
566,24,4,False,0,1,0,0.0,85.26,1130.0,344.0
567,24,5,False,0,1,0,0.0,85.62,1040.0,398.0
568,24,6,False,0,1,0,0.0,85.44,1005.0,451.0
569,24,7,False,0,1,0,0.0,85.44,981.0,475.0
570,24,8,False,0,1,0,0.0,85.05,987.0,508.0
571,24,9,False,0,1,0,0.0,84.9,957.0,553.0
572,26,1,False,0,1,0,0.0,73.43,2539.0,118.0
573,26,2,False,0,1,0,0.0,83.18,1411.0,271.0
574,26,3,False,0,1,0,0.0,84.68,1187.0,345.0
575,26,4,False,0,1,0,0.0,85.49,1050.0,401.0
576,26,5,False,0,1,0,0.0,86.1,982.0,408.0
577,26,6,False,0,1,0,0.0,85.31,1001.0,468.0
578,26,7,False,0,1,0,0.0,85.55,938.0,507.0
579,26,8,False,0,1,0,0.0,85.31,968.0,501.0
580,26,9,False,0,1,0,0.0,85.23,920.0,557.0
581,28,1,False,0,1,0,0.0,75.86,2246.0,168.0
582,28,2,False,0,1,0,0.0,83.96,1323.0,281.0
583,28,3,False,0,1,0,0.0,85.58,1092.0,350.0
584,28,4,False,0,1,0,0.0,85.56,1061.0,383.0
585,28,5,False,0,1,0,0.0,85.87,975.0,438.0
586,28,6,False,0,1,0,0.0,85.66,947.0,487.0
587,28,7,False,0,1,0,0.0,85.23,938.0,539.0
588,28,8,False,0,1,0,0.0,85.11,932.0,557.0
589,28,9,False,0,1,0,0.0,85.04,907.0,589.0
590,30,1,False,0,1,0,0.0,78.04,2018.0,178.0
591,30,2,False,0,1,0,0.0,84.74,1184.0,342.0
592,30,3,False,0,1,0,0.0,85.69,1052.0,379.0
593,30,4,False,0,1,0,0.0,86.09,948.0,443.0
594,30,5,False,0,1,0,0.0,85.58,981.0,461.0
595,30,6,False,0,1,0,0.0,85.58,906.0,536.0
596,30,7,False,0,1,0,0.0,84.96,921.0,583.0
597,30,8,False,0,1,0,0.0,84.54,977.0,569.0
598,30,9,False,0,1,0,0.0,84.58,927.0,615.0
599,32,1,False,0,1,0,0.0,79.5,1862.0,188.0
600,32,2,False,0,1,0,0.0,85.37,1166.0,297.0
601,32,3,False,0,1,0,0.0,85.57,1054.0,389.0
602,32,4,False,0,1,0,0.0,85.78,968.0,454.0
603,32,5,False,0,1,0,0.0,85.9,939.0,471.0
604,32,6,False,0,1,0,0.0,85.71,907.0,522.0
605,32,7,False,0,1,0,0.0,85.1,908.0,582.0
606,32,8,False,0,1,0,0.0,85.1,892.0,598.0
607,32,9,False,0,1,0,0.0,84.63,908.0,629.0
608,34,1,False,0,1,0,0.0,81.22,1664.0,214.0
609,34,2,False,0,1,0,0.0,85.71,1097.0,332.0
610,34,3,False,0,1,0,0.0,86.07,963.0,430.0
611,34,4,False,0,1,0,0.0,85.88,932.0,480.0
612,34,5,False,0,1,0,0.0,86.13,879.0,508.0
613,34,6,False,0,1,0,0.0,85.17,896.0,587.0
614,34,7,False,0,1,0,0.0,85.1,863.0,627.0
615,34,8,False,0,1,0,0.0,84.99,841.0,660.0
616,36,1,False,0,1,0,0.0,82.0,1559.0,241.0
617,36,2,False,0,1,0,0.0,85.83,1072.0,345.0
618,36,3,False,0,1,0,0.0,86.26,947.0,427.0
619,36,4,False,0,1,0,0.0,86.2,897.0,483.0
620,36,5,False,0,1,0,0.0,85.25,891.0,584.0
621,36,6,False,0,1,0,0.0,85.37,893.0,570.0
622,36,7,False,0,1,0,0.0,84.83,894.0,623.0
623,36,8,False,0,1,0,0.0,84.42,877.0,681.0
624,38,1,False,0,1,0,0.0,82.72,1494.0,234.0
625,38,2,False,0,1,0,0.0,85.91,1038.0,371.0
626,38,3,False,0,1,0,0.0,85.81,977.0,442.0
627,38,4,False,0,1,0,0.0,85.58,924.0,518.0
628,38,5,False,0,1,0,0.0,85.55,877.0,568.0
629,38,6,False,0,1,0,0.0,84.8,888.0,632.0
630,38,7,False,0,1,0,0.0,84.88,861.0,651.0
631,40,1,False,0,1,0,0.0,83.44,1386.0,270.0
632,40,2,False,0,1,0,0.0,86.26,994.0,380.0
633,100,1,True,VAR,1,10,0.0,83.72,894.0,734.0
634,100,1,True,VAR,1,20,0.0,83.71,895.0,734.0
635,100,1,True,VAR,1,30,0.0,83.66,897.0,737.0
636,100,1,True,VAR,1,40,0.0,83.68,896.0,736.0
637,100,1,True,VAR,1,50,0.0,83.78,889.0,733.0
638,100,1,True,VAR,1,60,0.0,83.79,888.0,733.0
639,100,1,True,VAR,1,70,0.0,83.66,895.0,739.0
640,100,1,True,VAR,1,80,0.0,83.7,894.0,736.0
641,100,1,True,VAR,1,90,0.0,83.71,894.0,735.0
642,100,1,True,VAR,1,100,0.0,83.68,894.0,738.0
643,100,1,True,VAR,1,110,0.0,83.77,891.0,732.0
644,100,1,True,VAR,1,120,0.0,83.8,888.0,732.0
645,100,1,True,VAR,1,130,0.0,83.67,896.0,737.0
646,100,1,True,VAR,1,140,0.0,83.81,886.0,733.0
647,100,1,True,VAR,1,150,0.0,83.69,894.0,737.0
648,100,1,True,VAR,1,200,0.0,83.67,897.0,736.0
649,100,1,True,VAR,1,300,0.0,83.73,892.0,735.0
650,100,1,True,VAR,1,400,0.0,83.78,889.0,733.0
651,100,1,True,VAR,1,500,0.0,83.72,892.0,736.0
652,100,1,True,VAR,1,600,0.0,83.68,892.0,740.0
653,100,1,True,VAR,1,700,0.0,83.74,888.0,738.0
654,100,1,True,VAR,1,800,0.0,83.77,889.0,734.0
655,100,1,True,VAR,1,900,0.0,83.74,891.0,735.0
656,100,1,True,VAR,1,200000,0.0,86.77,719.0,604.0
657,100,1,True,VAR,1,300000,0.0,87.24,725.0,551.0
658,100,1,True,VAR,1,400000,0.0,87.46,734.0,520.0
659,100,1,True,VAR,1,500000,0.0,87.53,763.0,484.0
660,100,1,True,VAR,1,600000.0,0.0,87.6,767.0,473.0
661,100,1,True,VAR,1,700000,0.0,87.55,794.0,451.0
662,100,1,True,VAR,1,800000,0.0,87.41,827.0,432.0
663,100,1,True,VAR,1,900000,0.0,87.4,833.0,427.0
664,100,1,True,VAR,1,1000000,0.0,87.39,851.0,410.0
665,100,1,True,VAR,1,1100000,0.0,87.26,867.0,407.0
666,100,1,True,VAR,1,1200000,0.0,87.2,885.0,395.0
667,100,1,True,VAR,1,1300000,0.0,87.06,906.0,388.0
668,100,1,True,VAR,1,1400000,0.0,87.04,922.0,374.0
669,100,1,True,VAR,1,600000.0,0.0,87.59,769.0,472.0
670,110,1,True,VAR,1,600000.0,0.0,87.65,758.0,477.0
671,120,1,True,VAR,1,600000.0,0.0,87.55,768.0,477.0
672,130,1,True,VAR,1,600000.0,0.0,87.56,725.0,519.0
673,140,1,True,VAR,1,600000.0,0.0,87.53,737.0,510.0
674,150,1,True,VAR,1,600000.0,0.0,87.38,738.0,524.0
675,160,1,True,VAR,1,600000.0,0.0,87.82,748.0,470.0
676,170,1,True,VAR,1,600000.0,0.0,87.58,769.0,473.0
677,180,1,True,VAR,1,600000.0,0.0,87.6,755.0,485.0
678,190,1,True,VAR,1,600000.0,0.0,87.69,750.0,481.0
679,200,1,True,VAR,1,600000.0,0.0,87.61,758.0,481.0
680,210,1,True,VAR,1,600000.0,0.0,87.33,743.0,524.0
681,220,1,True,VAR,1,600000.0,0.0,87.43,772.0,485.0
682,230,1,True,VAR,1,600000.0,0.0,87.57,761.0,482.0
683,240,1,True,VAR,1,600000.0,0.0,87.61,740.0,499.0
684,250,1,True,VAR,1,600000.0,0.0,87.38,757.0,505.0
685,260,1,True,VAR,1,600000.0,0.0,87.37,746.0,517.0
686,270,1,True,VAR,1,600000.0,0.0,87.54,779.0,467.0
687,280,1,True,VAR,1,600000.0,0.0,87.57,748.0,495.0
688,290,1,True,VAR,1,600000.0,0.0,87.78,719.0,503.0
689,10,1,True,VAR,1,600000.0,0.0,2.82,9713.0,5.0
690,20,1,True,VAR,1,600000.0,0.0,58.22,4128.0,50.0
691,30,1,True,VAR,1,600000.0,0.0,79.7,1819.0,211.0
692,40,1,True,VAR,1,600000.0,0.0,85.46,1190.0,264.0
693,50,1,True,VAR,1,600000.0,0.0,87.03,944.0,353.0
694,60,1,True,VAR,1,600000.0,0.0,87.8,789.0,431.0
695,70,1,True,VAR,1,600000.0,0.0,87.47,787.0,466.0
696,80,1,True,VAR,1,600000.0,0.0,87.53,770.0,477.0
697,90,1,True,VAR,1,600000.0,0.0,87.21,768.0,511.0
698,100,1,True,VAR,1,600000.0,0.0,87.52,767.0,481.0
699,110,1,True,VAR,1,600000.0,0.0,87.71,743.0,486.0
700,120,1,True,VAR,1,600000.0,0.0,87.16,789.0,495.0
701,130,1,True,VAR,1,600000.0,0.0,87.76,724.0,500.0
702,140,1,True,VAR,1,600000.0,0.0,87.48,751.0,501.0
703,150,1,True,VAR,1,600000.0,0.0,87.32,757.0,511.0
704,160,1,True,VAR,1,600000.0,0.0,87.59,733.0,508.0
705,170,1,True,VAR,1,600000.0,0.0,87.63,745.0,492.0
706,180,1,True,VAR,1,600000.0,0.0,87.31,756.0,513.0
707,190,1,True,VAR,1,600000.0,0.0,87.46,756.0,498.0
708,200,1,True,VAR,1,600000.0,0.0,87.63,765.0,472.0
709,200,1,True,VAR,1,600000.0,0.0,87.81,765.0,454.0
710,210,1,True,VAR,1,600000.0,0.0,87.22,771.0,507.0
711,220,1,True,VAR,1,600000.0,0.0,87.54,752.0,494.0
712,230,1,True,VAR,1,600000.0,0.0,87.52,751.0,497.0
713,240,1,True,VAR,1,600000.0,0.0,87.72,729.0,499.0
714,250,1,True,VAR,1,600000.0,0.0,87.19,795.0,486.0
715,260,1,True,VAR,1,600000.0,0.0,87.37,759.0,504.0
716,270,1,True,VAR,1,600000.0,0.0,87.34,787.0,479.0
717,280,1,True,VAR,1,600000.0,0.0,87.56,772.0,472.0
718,290,1,True,VAR,1,600000.0,0.0,87.67,729.0,504.0
719,300,1,True,VAR,1,600000.0,0.0,87.47,765.0,488.0
720,310,1,True,VAR,1,600000.0,0.0,87.38,772.0,490.0
721,320,1,True,VAR,1,600000.0,0.0,87.71,759.0,470.0
722,330,1,True,VAR,1,600000.0,0.0,87.39,780.0,481.0
723,340,1,True,VAR,1,600000.0,0.0,87.64,745.0,491.0
724,350,1,True,VAR,1,600000.0,0.0,87.69,739.0,492.0
725,360,1,True,VAR,1,600000.0,0.0,87.65,744.0,491.0
726,10,1,True,VAR,1,1000000.0,0.0,2.78,9720.0,2.0
727,20,1,True,VAR,1,1000000.0,0.0,58.57,4082.0,61.0
728,30,1,True,VAR,1,1000000.0,0.0,80.79,1711.0,210.0
729,40,1,True,VAR,1,1000000.0,0.0,85.81,1140.0,279.0
730,50,1,True,VAR,1,1000000.0,0.0,86.81,968.0,351.0
731,60,1,True,VAR,1,1000000.0,0.0,87.85,809.0,406.0
732,70,1,True,VAR,1,1000000.0,0.0,87.32,855.0,413.0
733,80,1,True,VAR,1,1000000.0,0.0,87.46,834.0,420.0
734,90,1,True,VAR,1,1000000.0,0.0,87.63,810.0,427.0
735,100,1,True,VAR,1,1000000.0,0.0,87.27,849.0,424.0
736,110,1,True,VAR,1,1000000.0,0.0,87.54,846.0,400.0
737,120,1,True,VAR,1,1000000.0,0.0,87.36,848.0,416.0
738,130,1,True,VAR,1,1000000.0,0.0,87.4,810.0,450.0
739,140,1,True,VAR,1,1000000.0,0.0,87.4,838.0,422.0
740,150,1,True,VAR,1,1000000.0,0.0,87.2,833.0,447.0
741,160,1,True,VAR,1,1000000.0,0.0,87.47,832.0,421.0
742,170,1,True,VAR,1,1000000.0,0.0,87.43,835.0,422.0
743,180,1,True,VAR,1,1000000.0,0.0,87.44,834.0,422.0
744,190,1,True,VAR,1,1000000.0,0.0,87.63,822.0,415.0
745,200,1,True,VAR,1,1000000.0,0.0,87.55,825.0,420.0
746,210,1,True,VAR,1,1000000.0,0.0,87.52,806.0,442.0
747,220,1,True,VAR,1,1000000.0,0.0,87.6,809.0,431.0
748,230,1,True,VAR,1,1000000.0,0.0,87.41,838.0,421.0
749,240,1,True,VAR,1,1000000.0,0.0,87.39,828.0,433.0
750,250,1,True,VAR,1,1000000.0,0.0,87.23,827.0,450.0
751,260,1,True,VAR,1,1000000.0,0.0,87.01,853.0,446.0
752,270,1,True,VAR,1,1000000.0,0.0,87.21,856.0,423.0
753,280,1,True,VAR,1,1000000.0,0.0,87.4,829.0,431.0
754,290,1,True,VAR,1,1000000.0,0.0,87.7,789.0,441.0
755,300,1,True,VAR,1,1000000.0,0.0,87.4,820.0,440.0
756,310,1,True,VAR,1,1000000.0,0.0,87.8,796.0,424.0
757,320,1,True,VAR,1,1000000.0,0.0,87.38,836.0,426.0
758,330,1,True,VAR,1,1000000.0,0.0,87.33,849.0,418.0
759,340,1,True,VAR,1,1000000.0,0.0,87.52,820.0,428.0
760,350,1,True,VAR,1,1000000.0,0.0,87.59,829.0,412.0
761,10,1,True,VAR,1,1000,0.0,2.8,9720.0,0.0
762,20,1,True,VAR,1,1000,0.0,57.06,4230.0,64.0
763,30,1,True,VAR,1,1000,0.0,78.04,1993.0,203.0
764,40,1,True,VAR,1,1000,0.0,83.13,1410.0,277.0
765,50,1,True,VAR,1,1000,0.0,85.07,1143.0,350.0
766,60,1,True,VAR,1,1000,0.0,85.67,1002.0,431.0
767,70,1,True,VAR,1,1000,0.0,85.46,947.0,507.0
768,10,1,True,VAR,1,500000,0.0,2.76,9724.0,0.0
769,20,1,True,VAR,1,500000,0.0,57.74,4159.0,67.0
770,80,1,True,VAR,1,1000,0.0,84.94,899.0,607.0
771,30,1,True,VAR,1,500000,0.0,79.73,1816.0,211.0
772,90,1,True,VAR,1,1000,0.0,84.37,922.0,641.0
773,40,1,True,VAR,1,500000,0.0,85.63,1183.0,254.0
774,100,1,True,VAR,1,1000,0.0,83.54,899.0,747.0
775,50,1,True,VAR,1,500000,0.0,87.63,878.0,359.0
776,60,1,True,VAR,1,500000,0.0,87.62,808.0,430.0
777,110,1,True,VAR,1,1000,0.0,83.32,878.0,790.0
778,70,1,True,VAR,1,500000,0.0,87.81,763.0,456.0
779,120,1,True,VAR,1,1000,0.0,82.25,882.0,893.0
780,80,1,True,VAR,1,500000,0.0,87.34,752.0,514.0
781,130,1,True,VAR,1,1000,0.0,81.42,906.0,952.0
782,90,1,True,VAR,1,500000,0.0,87.7,743.0,487.0
783,100,1,True,VAR,1,500000,0.0,87.62,724.0,514.0
784,140,1,True,VAR,1,1000,0.0,79.72,959.0,1069.0
785,110,1,True,VAR,1,500000,0.0,87.55,739.0,506.0
786,150,1,True,VAR,1,1000,0.0,79.05,957.0,1138.0
787,120,1,True,VAR,1,500000,0.0,87.3,748.0,522.0
788,160,1,True,VAR,1,1000,0.0,78.17,962.0,1221.0
789,130,1,True,VAR,1,500000,0.0,87.26,736.0,538.0
790,170,1,True,VAR,1,1000,0.0,76.96,966.0,1338.0
791,140,1,True,VAR,1,500000,0.0,87.46,720.0,534.0
792,180,1,True,VAR,1,1000,0.0,76.48,940.0,1412.0
793,150,1,True,VAR,1,500000,0.0,87.5,732.0,518.0
794,190,1,True,VAR,1,1000,0.0,75.38,935.0,1527.0
795,160,1,True,VAR,1,500000,0.0,87.58,757.0,485.0
796,200,1,True,VAR,1,1000,0.0,74.3,966.0,1604.0
797,170,1,True,VAR,1,500000,0.0,87.75,727.0,498.0
798,10,1,True,VAR,1,500,0.0,2.83,9716.0,1.0
799,20,1,True,VAR,1,500,0.0,57.09,4227.0,64.0
800,180,1,True,VAR,1,500000,0.0,87.39,756.0,505.0
801,30,1,True,VAR,1,500,0.0,78.0,1995.0,205.0
802,40,1,True,VAR,1,500,0.0,83.04,1415.0,281.0
803,190,1,True,VAR,1,500000,0.0,87.51,732.0,517.0
804,50,1,True,VAR,1,500,0.0,85.04,1148.0,348.0
805,60,1,True,VAR,1,500,0.0,85.59,1002.0,439.0
806,200,1,True,VAR,1,500000,0.0,87.42,747.0,511.0
807,70,1,True,VAR,1,500,0.0,85.44,948.0,508.0
808,80,1,True,VAR,1,500,0.0,84.93,899.0,608.0
809,90,1,True,VAR,1,500,0.0,84.34,930.0,636.0
810,100,1,True,VAR,1,500,0.0,83.52,904.0,744.0
811,110,1,True,VAR,1,500,0.0,83.19,887.0,794.0
812,120,1,True,VAR,1,500,0.0,82.18,887.0,895.0
813,130,1,True,VAR,1,500,0.0,81.36,910.0,954.0
814,140,1,True,VAR,1,500,0.0,79.65,976.0,1059.0
815,150,1,True,VAR,1,500,0.0,79.0,963.0,1137.0
816,160,1,True,VAR,1,500,0.0,78.01,964.0,1235.0
817,170,1,True,VAR,1,500,0.0,76.89,976.0,1335.0
818,180,1,True,VAR,1,500,0.0,76.16,959.0,1425.0
819,190,1,True,VAR,1,500,0.0,75.15,942.0,1543.0
820,10,1,True,VAR,1,700000.0,0.0,2.71,9729.0,0.0
821,20,1,True,VAR,1,700000.0,0.0,58.05,4129.0,66.0
822,30,1,True,VAR,1,700000.0,0.0,80.03,1786.0,211.0
823,40,1,True,VAR,1,700000.0,0.0,86.03,1154.0,243.0
824,50,1,True,VAR,1,700000.0,0.0,87.52,886.0,362.0
825,60,1,True,VAR,1,700000.0,0.0,87.56,827.0,417.0
826,70,1,True,VAR,1,700000.0,0.0,87.77,788.0,435.0
827,80,1,True,VAR,1,700000.0,0.0,87.56,777.0,467.0
828,90,1,True,VAR,1,700000.0,0.0,87.78,773.0,449.0
829,100,1,True,VAR,1,700000.0,0.0,87.73,764.0,463.0
830,110,1,True,VAR,1,700000.0,0.0,87.82,758.0,460.0
831,120,1,True,VAR,1,700000.0,0.0,87.48,797.0,455.0
832,130,1,True,VAR,1,700000.0,0.0,87.3,771.0,499.0
833,140,1,True,VAR,1,700000.0,0.0,87.82,757.0,461.0
834,150,1,True,VAR,1,700000.0,0.0,87.73,758.0,469.0
835,160,1,True,VAR,1,700000.0,0.0,87.65,782.0,453.0
836,170,1,True,VAR,1,700000.0,0.0,87.76,767.0,457.0
837,180,1,True,VAR,1,700000.0,0.0,87.59,791.0,450.0
838,190,1,True,VAR,1,700000.0,0.0,87.69,760.0,471.0
839,200,1,True,VAR,1,700000.0,0.0,87.58,791.0,451.0
840,210,1,True,VAR,1,700000.0,0.0,87.45,773.0,482.0
841,220,1,True,VAR,1,700000.0,0.0,87.42,799.0,459.0
842,230,1,True,VAR,1,700000.0,0.0,87.48,773.0,479.0
843,240,1,True,VAR,1,700000.0,0.0,87.36,779.0,485.0
844,250,1,True,VAR,1,700000.0,0.0,87.3,788.0,482.0
845,260,1,True,VAR,1,700000.0,0.0,87.59,779.0,462.0
846,270,1,True,VAR,1,700000.0,0.0,87.44,785.0,471.0
847,280,1,True,VAR,1,700000.0,0.0,87.65,776.0,459.0
848,290,1,True,VAR,1,700000.0,0.0,87.53,753.0,494.0
849,300,1,True,VAR,1,700000.0,0.0,87.73,762.0,465.0
850,10,1,True,VAR,1,500000.0,0.0,2.75,9725.0,0.0
851,30,1,True,VAR,1,500000.0,0.0,79.72,1822.0,206.0
852,50,1,True,VAR,1,500000.0,0.0,87.61,880.0,359.0
853,70,1,True,VAR,1,500000.0,0.0,87.8,766.0,454.0
854,90,1,True,VAR,1,500000.0,0.0,87.67,746.0,487.0
855,110,1,True,VAR,1,500000.0,0.0,87.55,741.0,504.0
856,130,1,True,VAR,1,500000.0,0.0,87.24,735.0,541.0
857,150,1,True,VAR,1,500000.0,0.0,87.49,737.0,514.0
858,170,1,True,VAR,1,500000.0,0.0,87.79,727.0,494.0
859,190,1,True,VAR,1,500000.0,0.0,87.64,726.0,510.0
860,210,1,True,VAR,1,500000.0,0.0,87.29,736.0,535.0
861,230,1,True,VAR,1,500000.0,0.0,87.48,734.0,518.0
862,250,1,True,VAR,1,500000.0,0.0,87.41,743.0,516.0
863,270,1,True,VAR,1,500000.0,0.0,87.43,738.0,519.0
864,290,1,True,VAR,1,500000.0,0.0,87.37,728.0,535.0
865,310,1,True,VAR,1,500000.0,0.0,87.48,744.0,508.0
866,330,1,True,VAR,1,500000.0,0.0,87.93,719.0,488.0
867,350,1,True,VAR,1,500000.0,0.0,87.44,746.0,510.0
868,370,1,True,VAR,1,500000.0,0.0,87.76,729.0,495.0
869,390,1,True,VAR,1,500000.0,0.0,87.33,762.0,505.0
870,410,1,True,VAR,1,500000.0,0.0,87.39,739.0,522.0
871,430,1,True,VAR,1,500000.0,0.0,87.42,733.0,525.0
872,450,1,True,VAR,1,500000.0,0.0,29.56,1051.0,5993.0
873,470,1,True,VAR,1,500000.0,0.0,29.36,1030.0,6034.0
874,490,1,True,VAR,1,500000.0,0.0,10.0,1126.0,7874.0
875,510,1,True,VAR,1,500000.0,0.0,10.0,1120.0,7880.0
876,530,1,True,VAR,1,500000.0,0.0,10.0,1161.0,7839.0
877,550,1,True,VAR,1,500000.0,0.0,10.0,1135.0,7865.0
878,570,1,True,VAR,1,500000.0,0.0,10.0,1144.0,7856.0
879,590,1,True,VAR,1,500000.0,0.0,10.0,1135.0,7865.0
880,610,1,True,VAR,1,500000.0,0.0,10.0,1164.0,7836.0
881,630,1,True,VAR,1,500000.0,0.0,10.0,1129.0,7871.0
882,650,1,True,VAR,1,500000.0,0.0,10.22,894.0,8084.0
883,670,1,True,VAR,1,500000.0,0.0,10.0,1160.0,7840.0
884,690,1,True,VAR,1,500000.0,0.0,10.0,1117.0,7883.0
885,710,1,True,VAR,1,500000.0,0.0,10.0,1138.0,7862.0
886,730,1,True,VAR,1,500000.0,0.0,10.0,1144.0,7856.0
887,750,1,True,VAR,1,500000.0,0.0,9.94,942.0,8064.0
888,5,3,True,VAR,1,600000.0,0.0,3.62,9630.0,8.0
889,8,3,True,VAR,1,600000.0,0.0,30.87,6885.0,28.0
890,11,3,True,VAR,1,600000.0,0.0,57.18,4201.0,81.0
891,14,3,True,VAR,1,600000.0,0.0,72.08,2620.0,172.0
892,17,3,True,VAR,1,600000.0,0.0,79.36,1879.0,185.0
893,20,3,True,VAR,1,600000.0,0.0,83.69,1412.0,219.0
894,23,3,True,VAR,1,600000.0,0.0,85.57,1185.0,258.0
895,26,3,True,VAR,1,600000.0,0.0,86.89,1020.0,291.0
896,29,3,True,VAR,1,600000.0,0.0,87.52,926.0,322.0
897,32,3,True,VAR,1,600000.0,0.0,87.89,841.0,370.0
898,35,3,True,VAR,1,600000.0,0.0,88.38,770.0,392.0
899,38,3,True,VAR,1,600000.0,0.0,88.26,735.0,439.0
900,41,3,True,VAR,1,600000.0,0.0,87.95,732.0,473.0
901,44,3,True,VAR,1,600000.0,0.0,88.28,716.0,456.0
902,47,3,True,VAR,1,600000.0,0.0,87.77,733.0,490.0
903,50,3,True,VAR,1,600000.0,0.0,87.64,722.0,514.0
904,53,3,True,VAR,1,600000.0,0.0,87.85,734.0,481.0
905,56,3,True,VAR,1,600000.0,0.0,87.87,684.0,529.0
906,59,3,True,VAR,1,600000.0,0.0,87.27,745.0,528.0
907,62,3,True,VAR,1,600000.0,0.0,87.38,736.0,526.0
908,65,3,True,VAR,1,600000.0,0.0,87.41,733.0,526.0
909,68,3,True,VAR,1,600000.0,0.0,87.14,763.0,523.0
910,71,3,True,VAR,1,600000.0,0.0,87.49,730.0,521.0
911,74,3,True,VAR,1,600000.0,0.0,87.29,764.0,507.0
912,77,3,True,VAR,1,600000.0,0.0,87.55,745.0,500.0
913,80,3,True,VAR,1,600000.0,0.0,87.33,756.0,511.0
914,83,3,True,VAR,1,600000.0,0.0,87.38,752.0,510.0
915,86,3,True,VAR,1,600000.0,0.0,87.52,742.0,506.0
916,89,3,True,VAR,1,600000.0,0.0,87.38,761.0,501.0
917,92,3,True,VAR,1,600000.0,0.0,87.61,744.0,495.0
918,5,4,True,VAR,1,600000.0,0.0,11.47,8831.0,22.0
919,8,4,True,VAR,1,600000.0,0.0,45.52,5365.0,83.0
920,11,4,True,VAR,1,600000.0,0.0,66.3,3215.0,155.0
921,14,4,True,VAR,1,600000.0,0.0,76.87,2125.0,188.0
922,17,4,True,VAR,1,600000.0,0.0,82.56,1509.0,235.0
923,20,4,True,VAR,1,600000.0,0.0,85.49,1209.0,242.0
924,23,4,True,VAR,1,600000.0,0.0,86.94,1033.0,273.0
925,26,4,True,VAR,1,600000.0,0.0,87.69,891.0,340.0
926,29,4,True,VAR,1,600000.0,0.0,87.85,830.0,385.0
927,32,4,True,VAR,1,600000.0,0.0,88.49,765.0,386.0
928,35,4,True,VAR,1,600000.0,0.0,88.25,724.0,451.0
929,38,4,True,VAR,1,600000.0,0.0,88.11,732.0,457.0
930,41,4,True,VAR,1,600000.0,0.0,88.05,690.0,505.0
931,44,4,True,VAR,1,600000.0,0.0,87.29,745.0,526.0
932,47,4,True,VAR,1,600000.0,0.0,87.94,685.0,521.0
933,50,4,True,VAR,1,600000.0,0.0,87.25,723.0,552.0
934,53,4,True,VAR,1,600000.0,0.0,87.38,698.0,564.0
935,56,4,True,VAR,1,600000.0,0.0,87.26,709.0,565.0
936,59,4,True,VAR,1,600000.0,0.0,87.45,716.0,539.0
937,62,4,True,VAR,1,600000.0,0.0,87.5,732.0,518.0
938,65,4,True,VAR,1,600000.0,0.0,87.55,739.0,506.0
939,68,4,True,VAR,1,600000.0,0.0,87.22,736.0,542.0
940,71,4,True,VAR,1,600000.0,0.0,87.33,753.0,514.0
941,74,4,True,VAR,1,600000.0,0.0,86.9,765.0,545.0
942,77,4,True,VAR,1,600000.0,0.0,87.53,730.0,517.0
943,80,4,True,VAR,1,600000.0,0.0,87.72,744.0,484.0
944,83,4,True,VAR,1,600000.0,0.0,87.45,766.0,489.0
945,86,4,True,VAR,1,600000.0,0.0,87.42,757.0,501.0
946,89,4,True,VAR,1,600000.0,0.0,87.36,778.0,486.0
947,92,4,True,VAR,1,600000.0,0.0,87.49,767.0,484.0
948,10,1,True,VAR,1,1000000,0.0,2.73,9724.0,3.0
949,20,1,True,VAR,1,1000000,0.0,58.57,4097.0,46.0
950,30,1,True,VAR,1,1000000,0.0,80.22,1778.0,200.0
951,40,1,True,VAR,1,1000000,0.0,85.75,1145.0,280.0
952,50,1,True,VAR,1,1000000,0.0,87.02,952.0,346.0
953,60,1,True,VAR,1,1000000,0.0,87.5,848.0,402.0
954,70,1,True,VAR,1,1000000,0.0,87.31,845.0,424.0
955,80,1,True,VAR,1,1000000,0.0,87.5,838.0,412.0
956,90,1,True,VAR,1,1000000,0.0,87.24,831.0,445.0
957,100,1,True,VAR,1,1000000,0.0,87.28,832.0,440.0
958,110,1,True,VAR,1,1000000,0.0,87.64,832.0,404.0
959,120,1,True,VAR,1,1000000,0.0,87.12,862.0,426.0
960,130,1,True,VAR,1,1000000,0.0,87.55,811.0,434.0
961,140,1,True,VAR,1,1000000,0.0,87.55,828.0,417.0
962,150,1,True,VAR,1,1000000,0.0,87.16,842.0,442.0
963,160,1,True,VAR,1,1000000,0.0,87.5,818.0,432.0
964,170,1,True,VAR,1,1000000,0.0,87.41,839.0,420.0
965,180,1,True,VAR,1,1000000,0.0,87.27,826.0,447.0
966,190,1,True,VAR,1,1000000,0.0,87.54,830.0,416.0
967,200,1,True,VAR,1,1000000,0.0,87.41,859.0,400.0
968,10,1,True,VAR,1,600000.0,0.0,2.82,9713.0,5.0
969,20,1,True,VAR,1,600000.0,0.0,58.22,4128.0,50.0
970,30,1,True,VAR,1,600000.0,0.0,79.7,1819.0,211.0
971,40,1,True,VAR,1,600000.0,0.0,85.46,1190.0,264.0
972,50,1,True,VAR,1,600000.0,0.0,87.03,944.0,353.0
973,60,1,True,VAR,1,600000.0,0.0,87.8,789.0,431.0
974,70,1,True,VAR,1,600000.0,0.0,87.47,787.0,466.0
975,80,1,True,VAR,1,600000.0,0.0,87.53,770.0,477.0
976,90,1,True,VAR,1,600000.0,0.0,87.21,768.0,511.0
977,100,1,True,VAR,1,600000.0,0.0,87.52,767.0,481.0
978,110,1,True,VAR,1,600000.0,0.0,87.71,743.0,486.0
979,120,1,True,VAR,1,600000.0,0.0,87.16,789.0,495.0
980,130,1,True,VAR,1,600000.0,0.0,87.76,724.0,500.0
981,140,1,True,VAR,1,600000.0,0.0,87.48,751.0,501.0
982,150,1,True,VAR,1,600000.0,0.0,87.32,757.0,511.0
983,160,1,True,VAR,1,600000.0,0.0,87.59,733.0,508.0
984,170,1,True,VAR,1,600000.0,0.0,87.63,745.0,492.0
985,180,1,True,VAR,1,600000.0,0.0,87.31,756.0,513.0
986,190,1,True,VAR,1,600000.0,0.0,87.46,756.0,498.0
987,200,1,True,VAR,1,600000.0,0.0,87.63,765.0,472.0
988,200,1,True,VAR,1,600000.0,0.0,87.81,765.0,454.0
989,210,1,True,VAR,1,600000.0,0.0,87.22,771.0,507.0
990,220,1,True,VAR,1,600000.0,0.0,87.54,752.0,494.0
991,230,1,True,VAR,1,600000.0,0.0,87.52,751.0,497.0
992,240,1,True,VAR,1,600000.0,0.0,87.72,729.0,499.0
993,250,1,True,VAR,1,600000.0,0.0,87.19,795.0,486.0
994,260,1,True,VAR,1,600000.0,0.0,87.37,759.0,504.0
995,270,1,True,VAR,1,600000.0,0.0,87.34,787.0,479.0
996,280,1,True,VAR,1,600000.0,0.0,87.56,772.0,472.0
997,290,1,True,VAR,1,600000.0,0.0,87.67,729.0,504.0
998,300,1,True,VAR,1,600000.0,0.0,87.47,765.0,488.0
999,310,1,True,VAR,1,600000.0,0.0,87.38,772.0,490.0
1000,320,1,True,VAR,1,600000.0,0.0,87.71,759.0,470.0
1001,330,1,True,VAR,1,600000.0,0.0,87.39,780.0,481.0
1002,340,1,True,VAR,1,600000.0,0.0,87.64,745.0,491.0
1003,350,1,True,VAR,1,600000.0,0.0,87.69,739.0,492.0
1004,360,1,True,VAR,1,600000.0,0.0,87.65,744.0,491.0
1005,370,1,True,VAR,1,600000.0,0.0,87.51,747.0,502.0
1006,380,1,True,VAR,1,600000.0,0.0,87.56,787.0,457.0
1007,390,1,True,VAR,1,600000.0,0.0,87.67,752.0,481.0
1008,400,1,True,VAR,1,600000.0,0.0,87.62,740.0,498.0
1009,410,1,True,VAR,1,600000.0,0.0,87.77,749.0,474.0
1010,420,1,True,VAR,1,600000.0,0.0,87.4,754.0,506.0
1011,430,1,True,VAR,1,600000.0,0.0,87.57,754.0,489.0
1012,440,1,True,VAR,1,600000.0,0.0,87.61,749.0,490.0
1013,450,1,True,VAR,1,600000.0,0.0,87.87,739.0,474.0
1014,5,2,True,VAR,1,600000.0,0.0,0.38,9960.0,2.0
1015,10,2,True,VAR,1,600000.0,0.0,27.92,7180.0,28.0
1016,15,2,True,VAR,1,600000.0,0.0,64.5,3462.0,88.0
1017,20,2,True,VAR,1,600000.0,0.0,78.54,1963.0,183.0
1018,25,2,True,VAR,1,600000.0,0.0,84.03,1355.0,242.0
1019,30,2,True,VAR,1,600000.0,0.0,86.53,1081.0,266.0
1020,35,2,True,VAR,1,600000.0,0.0,87.71,883.0,346.0
1021,40,2,True,VAR,1,600000.0,0.0,87.74,824.0,402.0
1022,45,2,True,VAR,1,600000.0,0.0,88.24,760.0,416.0
1023,50,2,True,VAR,1,600000.0,0.0,87.91,732.0,477.0
1024,55,2,True,VAR,1,600000.0,0.0,87.65,740.0,495.0
1025,60,2,True,VAR,1,600000.0,0.0,87.44,719.0,537.0
1026,65,2,True,VAR,1,600000.0,0.0,87.77,734.0,489.0
1027,70,2,True,VAR,1,600000.0,0.0,87.49,764.0,487.0
1028,75,2,True,VAR,1,600000.0,0.0,87.39,773.0,488.0
1029,80,2,True,VAR,1,600000.0,0.0,87.48,748.0,504.0
1030,85,2,True,VAR,1,600000.0,0.0,87.6,776.0,464.0
1031,90,2,True,VAR,1,600000.0,0.0,87.27,765.0,508.0
1032,95,2,True,VAR,1,600000.0,0.0,87.57,748.0,495.0
1033,100,2,True,VAR,1,600000.0,0.0,87.82,728.0,490.0
1034,105,2,True,VAR,1,600000.0,0.0,87.41,760.0,499.0
1035,110,2,True,VAR,1,600000.0,0.0,87.24,781.0,495.0
1036,115,2,True,VAR,1,600000.0,0.0,87.98,720.0,482.0
1037,120,2,True,VAR,1,600000.0,0.0,87.38,749.0,513.0
1038,125,2,True,VAR,1,600000.0,0.0,87.64,749.0,487.0
1039,130,2,True,VAR,1,600000.0,0.0,87.55,776.0,469.0
1040,135,2,True,VAR,1,600000.0,0.0,87.53,768.0,479.0
1041,140,2,True,VAR,1,600000.0,0.0,87.44,768.0,488.0
1042,145,2,True,VAR,1,600000.0,0.0,87.6,759.0,481.0
1043,150,2,True,VAR,1,600000.0,0.0,87.36,746.0,518.0
1044,10,5,True,VAR,1,600000.0,0.0,68.04,3036.0,160.0
1045,12,5,True,VAR,1,600000.0,0.0,75.68,2246.0,186.0
1046,14,5,True,VAR,1,600000.0,0.0,80.2,1763.0,217.0
1047,16,5,True,VAR,1,600000.0,0.0,82.96,1451.0,253.0
1048,18,5,True,VAR,1,600000.0,0.0,84.61,1240.0,299.0
1049,20,5,True,VAR,1,600000.0,0.0,86.4,1099.0,261.0
1050,22,5,True,VAR,1,600000.0,0.0,87.2,984.0,296.0
1051,24,5,True,VAR,1,600000.0,0.0,87.5,891.0,359.0
1052,26,5,True,VAR,1,600000.0,0.0,88.07,826.0,367.0
1053,28,5,True,VAR,1,600000.0,0.0,88.1,792.0,398.0
1054,30,5,True,VAR,1,600000.0,0.0,88.11,784.0,405.0
1055,32,5,True,VAR,1,600000.0,0.0,88.26,741.0,433.0
1056,34,5,True,VAR,1,600000.0,0.0,88.35,730.0,435.0
1057,36,5,True,VAR,1,600000.0,0.0,87.89,742.0,469.0
1058,38,5,True,VAR,1,600000.0,0.0,88.15,686.0,499.0
1059,40,5,True,VAR,1,600000.0,0.0,87.86,682.0,532.0
1060,42,5,True,VAR,1,600000.0,0.0,87.67,709.0,524.0
1061,10,1,True,VAR,1,100,0.0,2.84,9713.0,3.0
1062,20,1,True,VAR,1,100,0.0,57.57,4195.0,48.0
1063,30,1,True,VAR,1,100,0.0,77.66,2039.0,195.0
1064,40,1,True,VAR,1,100,0.0,83.01,1422.0,277.0
1065,50,1,True,VAR,1,100,0.0,85.09,1139.0,352.0
1066,60,1,True,VAR,1,100,0.0,85.45,1034.0,421.0
1067,70,1,True,VAR,1,100,0.0,85.4,953.0,507.0
1068,80,1,True,VAR,1,100,0.0,84.9,919.0,591.0
1069,90,1,True,VAR,1,100,0.0,84.46,900.0,654.0
1070,100,1,True,VAR,1,100,0.0,83.6,899.0,741.0
1071,110,1,True,VAR,1,100,0.0,82.67,895.0,838.0
1072,120,1,True,VAR,1,100,0.0,82.13,895.0,892.0
1073,10,1,True,VAR,1,1000000,0.0,2.73,9724.0,3.0
1074,20,1,True,VAR,1,1000000,0.0,58.57,4097.0,46.0
1075,30,1,True,VAR,1,1000000,0.0,80.22,1778.0,200.0
1076,40,1,True,VAR,1,1000000,0.0,85.75,1145.0,280.0
1077,50,1,True,VAR,1,1000000,0.0,87.02,952.0,346.0
1078,60,1,True,VAR,1,1000000,0.0,87.5,848.0,402.0
1079,70,1,True,VAR,1,1000000,0.0,87.31,845.0,424.0
1080,80,1,True,VAR,1,1000000,0.0,87.5,838.0,412.0
1081,90,1,True,VAR,1,1000000,0.0,87.24,831.0,445.0
1082,100,1,True,VAR,1,1000000,0.0,87.28,832.0,440.0
1083,110,1,True,VAR,1,1000000,0.0,87.64,832.0,404.0
1084,120,1,True,VAR,1,1000000,0.0,87.12,862.0,426.0
1085,130,1,True,VAR,1,1000000,0.0,87.55,811.0,434.0
1086,140,1,True,VAR,1,1000000,0.0,87.55,828.0,417.0
1087,150,1,True,VAR,1,1000000,0.0,87.16,842.0,442.0
1088,160,1,True,VAR,1,1000000,0.0,87.5,818.0,432.0
1089,170,1,True,VAR,1,1000000,0.0,87.41,839.0,420.0
1090,180,1,True,VAR,1,1000000,0.0,87.27,826.0,447.0
1091,190,1,True,VAR,1,1000000,0.0,87.54,830.0,416.0
1092,200,1,True,VAR,1,1000000,0.0,87.41,859.0,400.0
1093,10,1,True,VAR,1,600000.0,0.0,2.82,9713.0,5.0
1094,20,1,True,VAR,1,600000.0,0.0,58.22,4128.0,50.0
1095,30,1,True,VAR,1,600000.0,0.0,79.7,1819.0,211.0
1096,40,1,True,VAR,1,600000.0,0.0,85.46,1190.0,264.0
1097,50,1,True,VAR,1,600000.0,0.0,87.03,944.0,353.0
1098,60,1,True,VAR,1,600000.0,0.0,87.8,789.0,431.0
1099,70,1,True,VAR,1,600000.0,0.0,87.47,787.0,466.0
1100,80,1,True,VAR,1,600000.0,0.0,87.53,770.0,477.0
1101,90,1,True,VAR,1,600000.0,0.0,87.21,768.0,511.0
1102,100,1,True,VAR,1,600000.0,0.0,87.52,767.0,481.0
1103,110,1,True,VAR,1,600000.0,0.0,87.71,743.0,486.0
1104,120,1,True,VAR,1,600000.0,0.0,87.16,789.0,495.0
1105,130,1,True,VAR,1,600000.0,0.0,87.76,724.0,500.0
1106,140,1,True,VAR,1,600000.0,0.0,87.48,751.0,501.0
1107,150,1,True,VAR,1,600000.0,0.0,87.32,757.0,511.0
1108,160,1,True,VAR,1,600000.0,0.0,87.59,733.0,508.0
1109,170,1,True,VAR,1,600000.0,0.0,87.63,745.0,492.0
1110,180,1,True,VAR,1,600000.0,0.0,87.31,756.0,513.0
1111,190,1,True,VAR,1,600000.0,0.0,87.46,756.0,498.0
1112,200,1,True,VAR,1,600000.0,0.0,87.63,765.0,472.0
1113,200,1,True,VAR,1,600000.0,0.0,87.81,765.0,454.0
1114,210,1,True,VAR,1,600000.0,0.0,87.22,771.0,507.0
1115,220,1,True,VAR,1,600000.0,0.0,87.54,752.0,494.0
1116,230,1,True,VAR,1,600000.0,0.0,87.52,751.0,497.0
1117,240,1,True,VAR,1,600000.0,0.0,87.72,729.0,499.0
1118,250,1,True,VAR,1,600000.0,0.0,87.19,795.0,486.0
1119,260,1,True,VAR,1,600000.0,0.0,87.37,759.0,504.0
1120,270,1,True,VAR,1,600000.0,0.0,87.34,787.0,479.0
1121,280,1,True,VAR,1,600000.0,0.0,87.56,772.0,472.0
1122,290,1,True,VAR,1,600000.0,0.0,87.67,729.0,504.0
1123,300,1,True,VAR,1,600000.0,0.0,87.47,765.0,488.0
1124,310,1,True,VAR,1,600000.0,0.0,87.38,772.0,490.0
1125,320,1,True,VAR,1,600000.0,0.0,87.71,759.0,470.0
1126,330,1,True,VAR,1,600000.0,0.0,87.39,780.0,481.0
1127,340,1,True,VAR,1,600000.0,0.0,87.64,745.0,491.0
1128,350,1,True,VAR,1,600000.0,0.0,87.69,739.0,492.0
1129,360,1,True,VAR,1,600000.0,0.0,87.65,744.0,491.0
1130,370,1,True,VAR,1,600000.0,0.0,87.51,747.0,502.0
1131,380,1,True,VAR,1,600000.0,0.0,87.56,787.0,457.0
1132,390,1,True,VAR,1,600000.0,0.0,87.67,752.0,481.0
1133,400,1,True,VAR,1,600000.0,0.0,87.62,740.0,498.0
1134,410,1,True,VAR,1,600000.0,0.0,87.77,749.0,474.0
1135,420,1,True,VAR,1,600000.0,0.0,87.4,754.0,506.0
1136,430,1,True,VAR,1,600000.0,0.0,87.57,754.0,489.0
1137,440,1,True,VAR,1,600000.0,0.0,87.61,749.0,490.0
1138,450,1,True,VAR,1,600000.0,0.0,87.87,739.0,474.0